liquidez,dias_efectivo,cfo,participacion_ley30,hhi_fuentes,gastos_personal,tendencia_ingresos,label
1.3112583208878787,127.1782999534554,3554020.0186650767,0.1766280901811409,0.46741215773857114,96111983.39358576,0.030381859560487574,0
2.866928627306774,98.81686411022106,-26706887.174202025,0.595640578151517,0.3862386122603535,55036103.11391811,0.07215625051261436,1
2.276383642890794,59.16733285010736,7603957.020119264,0.5692168526022315,0.49536995780023996,48945622.24177342,-0.0230866373844769,0
1.9163779073319989,147.414128448716,12211714.905676464,0.5252468186457858,0.7625994019497747,51192964.464336455,0.14532606633210343,0
0.7212503291945787,124.82795519692887,11195808.958620796,0.12169622831485727,0.36816643789669823,28799445.160464734,-0.1338605799723249,1
0.7211852049077472,33.45796438535598,21615614.511092436,0.2818770135671972,0.23900927450859505,43183645.37783156,0.06929186230316112,1
0.4568257528541385,164.41225728642243,16678443.09097808,0.25786754194650574,0.6696112162646246,43283193.0388459,-0.060586082075889336,1
2.638675593592325,148.94401751155456,9183601.584568733,0.31608184448291143,0.7607825701664654,14711951.816872515,0.17193779062072967,0
1.923010531706664,171.21498482608672,-1403314.2291729406,0.15258564805830313,0.1805099828188267,79081086.56661265,0.19925153531681183,0
2.2117959600493227,132.00091396796302,-33219218.67031983,0.6621746938186376,0.2918992902047558,47485398.87134911,-0.0766656587783348,1
0.3555781345986666,112.34765928876323,8592364.382651716,0.4322813444274257,0.21357759180879513,83996189.8134781,-0.05495571359085802,1
2.918756600837385,78.1925313508583,4153753.743262223,0.2833145863948141,0.3783531292657333,86531320.10079059,0.0859587886979802,0
2.5475951301611386,168.22748458695233,5431576.743907469,0.33818891024457004,0.4602807831243302,29079464.922879227,-0.03871306497895147,0
0.8733155988313457,156.56118066257147,-25534971.51640619,0.36832152430290144,0.6990610695706452,69161813.39531156,-0.004541121793223822,1
0.7909274114591717,12.913267268583146,-21621130.80816525,0.46035660001637035,0.6209180679053393,52505362.37466835,0.0025388420542410183,1
0.7951921766042713,9.6142205370191,21063057.066658072,0.4094076566178987,0.596742853982745,89214106.41293366,-0.19196731561976565,1
1.121454055990752,70.88108920365868,-791103.0771331008,0.6516351839286504,0.3818999572877235,29416661.12588087,-0.001383774609423725,0
1.7168423654070424,146.84683288682075,13630013.94745249,0.3981780897434981,0.773158042467808,71003188.02790397,-0.06897277740641738,0
1.4662515503337126,177.77332263011527,566367.5226092235,0.6952948088939875,0.47702973391853165,64697691.00274503,-0.049312282239977204,0
1.0863186785347132,31.32295594311743,595122.7899149038,0.6108549746470574,0.8832839504121236,36577132.98146495,0.1443632003468814,0
1.9520028157504248,108.97287518662365,18765676.119519953,0.22510630861440148,0.6073137106365895,22294081.328605533,-0.12565068942792565,0
0.6766334237605129,71.65589991042876,-10320894.564347478,0.6583571287863497,0.2010117932516022,68647578.4429549,0.08132051867479773,1
1.088790551045089,174.73501961755557,1922415.5388196674,0.16981983873128564,0.6409420496603472,76473771.23190975,-0.027896293033180853,0
1.2891769768929677,152.37081154874903,-9245505.77410085,0.5904698250947149,0.3600832123453592,38406460.938701496,-0.02797601684958344,0
1.5313889573859971,151.7075233244491,-8689924.548646312,0.32837397608594804,0.6490617573488779,68034934.36200824,0.07903718960517114,0
2.419975095761137,87.0213029641198,-6183442.4693727875,0.6267845922670416,0.1557129185299246,45561781.685035296,0.03400512945688904,0
0.8391192118275712,77.59341290909141,4442675.432674257,0.6208340140644701,0.23990514974076751,74188619.4954356,0.0570612997219531,1
1.6884329837167515,52.84623758787359,-9574972.433269545,0.5835552400705727,0.7845898071246291,27929374.74046478,0.09681846605328612,0
1.8995193359275149,14.865711913912245,25115122.511470415,0.5740182617842368,0.28174364561881193,90119350.23725569,-0.03313083831833227,1
0.42541611434399385,156.3264158446343,-17892146.04439008,0.28280748345882445,0.769632900194352,35866863.68190218,-0.061223673450775035,1
1.9403711001338837,147.25767659776358,-3737432.8832271807,0.1485515698307513,0.3234208707635283,43100738.898053765,-0.10851505265577982,0
0.7604151339556872,179.95059282507285,-8794621.165483499,0.34178810725909686,0.6143055280469661,15228275.687231481,-0.08254105299789552,1
0.4756393010602547,179.41144648793343,28939557.687074658,0.2041147089919052,0.6553204588078648,20036099.108914874,0.29490944253087253,1
2.8619909505839995,102.2005484804598,3931095.5302314926,0.5169706533414771,0.5101238025160424,56427571.244109534,0.12446795807367868,0
2.90720648930131,139.57279765658933,20636890.789372697,0.3076598359226713,0.34424854135738503,34083340.90551743,-0.13510743662080213,0
2.482672839914445,170.3340027294249,-29711207.46073944,0.6853661205159489,0.2701155010968769,85193220.3167975,-0.13224579567435701,1
1.1224571767681009,153.688293368547,5341005.317385177,0.4845832464071992,0.12655148364994098,11322404.978945846,0.04818660617184915,0
0.5637147078172364,48.28591780505959,17792615.912468743,0.5934883381806165,0.34315712099257906,44118464.380474254,0.0547264797377967,1
2.1474291715828238,83.84522367926637,1645679.7855084836,0.17951480364510908,0.6225302324250264,40361099.20921834,0.054888383531736445,0
1.4884117330969235,27.602897651511622,21309607.501307026,0.6172086893635735,0.8506438547587861,11739486.782584094,-0.025495579355369787,1
0.6295032340809028,171.95892977027643,-10345769.002007443,0.6536543143080366,0.7969635858104417,21193155.91004592,-0.012545426000290023,1
1.6369776573004295,111.08056102890401,28186948.803711597,0.3922371512913615,0.7128518212282421,47227840.742677175,0.03278795241593574,0
0.39284900701108966,45.012490963105975,45977962.472385004,0.4637517626505865,0.730757874602639,54357812.6002702,0.008589300629333042,1
2.7551650856127115,122.54761977102493,-7256771.208793181,0.5588858805417972,0.6319879227807962,46386077.25293822,-0.22193003727475352,0
0.9987059503200457,113.17244208013177,-8910050.428015435,0.20490317635624755,0.3082294860528024,57784391.05708844,-0.022979963057519384,1
2.0888101677557516,67.67847565574709,29067689.542354017,0.40153964587806545,0.8257560245646639,63561850.74151134,-0.08514064342603136,0
1.1416199054414096,24.872578634935078,31591442.91461425,0.3391978166633879,0.6365858495246672,10893143.901505206,0.017521141890851206,1
1.7041836571800892,122.52530922873993,-10457200.543065365,0.18782439529734946,0.5483525047843519,51768564.35081535,0.29852590026034104,1
1.7761177542268551,96.05384765816383,-8403736.341917146,0.32052065337491886,0.18879157537078486,96714931.67988294,0.03674816654743044,0
0.799107029918923,140.15571855373688,-5635692.177210145,0.14090338563129615,0.4576444350451404,56712905.21165939,-0.03135296861723979,1
2.917878494964308,96.02861269459885,-26889010.22068554,0.11548714416969219,0.46828661696154106,70978804.07130578,0.09218015019772523,1
2.3928586230750093,154.13176255574453,-18373038.929683965,0.18109977349289366,0.791650887618136,38067747.21251949,0.048268788720921274,1
2.8366471422233106,101.58369678553497,-20082815.33504136,0.6778690669535042,0.5373185761502308,79659224.03374863,0.04200944904518413,1
2.7160338461546516,103.1641450186926,-15355951.302082568,0.42971772153701016,0.40432043917632776,79562933.36885037,0.060685059321567106,1
1.91432994278993,158.41438046521037,-693697.7477356236,0.6794932966919319,0.8814402628085275,56916644.2888725,0.20565435648295416,0
2.7890604345624155,75.60950158716948,4684294.650730415,0.35949872699807917,0.18857647466105254,97841244.09512922,-0.11308884353259158,0
0.5389297555401826,28.452664978862128,31010009.856281538,0.28708967985115574,0.43803874264955567,21299519.328638803,0.04736320768114545,1
0.8291537285316921,10.03696835483432,-19967080.81477582,0.4036851177041465,0.13361974013712424,11525289.84006229,-0.09263811299815385,1
0.4221136800584528,137.14901974288333,19686447.969531674,0.3637070131797461,0.6919232966135442,79314239.05813864,0.05555126463422483,1
1.1783918930608137,113.55417148685632,-4279776.884510179,0.16339881055704636,0.8344612417593206,82643998.36283943,-0.09186865114860944,0
1.3494286821616015,128.21395941736412,-989274.193048659,0.4844957888141237,0.32402986364039155,20818650.62085186,-0.04173668136050844,0
1.032642385789519,42.268728264059376,13496389.843332075,0.22962290950575975,0.7866733414392967,33902454.966274545,-0.029508991423790633,0
2.537591274710209,28.865008227684708,-22454440.43124597,0.4717527729386978,0.33377458436951823,11579712.702996602,0.09758167193447091,1
1.263233982072691,7.545316491879337,7648194.923681012,0.49012065543889205,0.8286161293151322,36397774.97025082,0.09184544439424139,1
1.0585231761559282,66.35282279115447,3329044.164261122,0.19121491187718886,0.7031695228774272,79582768.65268044,-0.12457173764463846,0
1.765279424527271,108.23559519956079,9849025.280162983,0.1368097762664009,0.7439254214731509,56616447.4941321,0.005493411099984873,0
0.6804954074318592,73.64270789245316,5783372.878156362,0.5684569516410639,0.1144052444803636,41328603.38514593,-0.07095798547491726,1
2.465931848035907,81.55811135415259,49106002.798217885,0.3758802542615921,0.8702482856592207,43456536.541569725,-0.12585049106753346,0
0.5012867379353813,163.22777153640598,-12754799.68502632,0.13489827730328546,0.6813367936562587,10121826.314392135,-0.02170170504243704,1
2.9645947288213965,65.94470672907755,-10619939.100036353,0.6969197903018602,0.34380087630890666,36982047.48087123,-0.030848278845581972,1
2.385060877100975,94.9481606029669,-12462810.528495288,0.13466833659782,0.7635157318870776,68181286.74741375,0.24267164863455226,1
0.8365323401422655,142.13927722970004,-11109542.383205093,0.5170211373151319,0.325216958731944,97677499.94347215,0.043295982536069616,1
0.3149097162337265,74.39498690622227,-12747742.546130354,0.6902073551580481,0.7982030716529024,86235474.42855096,-0.13776175007542374,1
2.501745856828052,113.86517253987786,23780330.622151036,0.24350806252955537,0.19006431232954962,12123546.818097621,-0.05647740041709423,0
2.2085148283885663,155.9136490306804,28410084.959797096,0.1853496212123177,0.6629487819686366,90870454.42073554,0.10213832954293985,0
2.2683193537106656,171.16610914008737,-11414925.874989526,0.17283096365345735,0.5325587813159283,80487857.19687633,0.2088442772869925,1
2.3824299360520533,30.73785916258164,-16647111.462084575,0.28196508854055735,0.17722757615635265,80233851.12138824,-0.15859833122379585,1
0.49992055968204396,167.15283440326152,9428311.127728082,0.160627486606388,0.29351506260707116,51219618.310321435,-0.18799243851390451,1
1.2678574670695362,91.12035128891918,-11044460.885619424,0.5152968050164791,0.10992322902185184,45820476.365905255,0.18709651753717824,1
0.6128464607178503,50.19276795231771,12658636.355110215,0.13737507887803763,0.4750143723716047,37262415.59498733,0.03896141773709039,1
2.6303792498641023,85.34875734169573,4058460.417025994,0.40565327688987385,0.3410122086080003,15912537.30589292,-0.08682927318763665,0
1.9829049424344065,176.5057006749585,-30314882.29994464,0.698018112311786,0.5786859874382071,30541182.71443292,0.05346290861224354,1
1.193424667102153,91.20816644875218,30950104.026601233,0.5883821617036112,0.3377902461668938,32194327.148022216,-0.26357477390168776,0
0.4716075457722638,62.531531800313935,35917553.461910434,0.46913166293860653,0.3399352892055878,53566936.273918144,0.00033755065971609994,1
1.139652268632288,115.845149505427,-12255773.809687724,0.283752172471967,0.6945545589852827,77269996.59370247,0.03278211728430853,1
1.1779949694722172,47.025483286183785,-7754031.198719683,0.47433750177498313,0.13851426878268278,52642884.5558152,0.09242701395378299,0
2.269936681512773,18.276082419016184,5717307.8144980995,0.41622487834699096,0.8223159961535899,15206000.450244455,-0.10138959522925378,1
2.0214051726590756,27.553951334363614,6689135.7997405,0.35565003033422293,0.7818110995129451,96201082.08893836,0.008568716140335905,1
2.6954744049560815,27.408021817610177,13170885.453456609,0.17842622604411967,0.6342437465811253,94845188.7184701,-0.09254246260595873,1
1.5749802979372631,31.582971364651513,40204090.77532699,0.63196252914428,0.5745772560859075,80667058.88335675,0.02553837556743171,0
0.6229044640334146,29.294755213646773,-3538944.549880988,0.3698707892927935,0.8138419985117218,99219511.14077985,-0.08953463223630242,1
2.2257609255020867,117.15308034056255,-15965944.890769076,0.21677350709245904,0.24826414362297156,59003409.95202366,-0.04081008391602206,1
2.354119631265623,36.829014769850346,-27586384.560290545,0.32065561052637376,0.1631753297526629,96649151.52278854,-0.09958153947902292,1
1.81544843343764,65.49177458167605,-14618600.79883838,0.3484778515173562,0.29160813592763046,16804453.65550757,0.0651136241823657,1
2.3816113858773145,161.93797173355208,-662539.4574759419,0.5965227373401245,0.7356626229601523,42911267.34352341,0.08584511166566654,0
1.6332481101838552,87.94328704600267,35891157.27035575,0.5401686283368412,0.12773621338118668,30284314.120608926,-0.02346205699574138,0
1.7113786393313841,121.82260424117976,-10352225.980723428,0.5615829361848038,0.5662454680667918,27624977.572084304,0.003823799496002834,1
1.4543607495680841,35.15597746028522,4475759.03277797,0.10661875865718834,0.896350012953048,22672265.400340848,-0.1448591414633544,0
0.368631642209057,38.650578291517384,-328457.9214550415,0.34969239890785686,0.7845568750700316,66017227.7409397,-0.02996766480067871,1
0.5913068528819221,12.1520078466338,23767865.46896168,0.38880649098119413,0.5171565512348716,80318967.01725745,-0.005020461704174479,1
0.3848588013541825,34.5636360376288,50538648.51747243,0.11151536609383401,0.1509127274293139,62046855.94783246,0.26207930910299754,1
2.018308110412207,53.75330933059276,-10617375.458406413,0.25588792524702053,0.7650988115085678,23226643.86293887,-0.11119670257741637,1
1.148761148906082,35.97683474843069,-9788788.850364443,0.556173893873281,0.5791828065417685,83001139.29401238,0.14641772387524374,0
1.6731408661446976,20.522943407484732,20883217.54138144,0.18226582343739944,0.19194639764765348,67235923.64473556,0.0996858773465808,1
2.750429479600451,26.111277442605143,13637829.792526228,0.421186078871555,0.17508582785868498,44934913.5514296,0.02806364044901364,1
0.9730890187019623,85.63628440572701,36934146.51472067,0.2291211232103425,0.827701455549274,70671726.59824567,0.17586204841951336,1
1.4080338921962003,41.10840072101369,11678563.706519278,0.10727246478633597,0.6353602103504628,33391448.131854955,0.03721054726068629,0
2.3399880740662313,68.7472256834132,-7185841.815741191,0.24472087455972488,0.7634294394534045,41067298.764478944,0.03891591956679288,0
0.9177550468273807,93.09802239959996,11813096.613846187,0.6855242529460323,0.8031831202258138,92573725.88187912,-0.005312065301754535,1
0.5078457565377411,125.81909501013892,22174071.611658156,0.5809222671297938,0.5574178816386578,36145405.51042783,0.12235688824186275,1
1.0823289228671737,11.879624472192313,16409643.623947281,0.67574598659262,0.5139570814040331,52298944.1342143,0.10964692338108838,1
0.7352974755858119,144.89681980908247,10145480.622145955,0.3927124263558175,0.4443419282567922,90112702.36564131,-0.06256772874962124,1
2.810183661324947,114.88256816090886,21333493.79178308,0.1658417192065021,0.3535572702328954,73694921.52407748,-0.13192471945987674,0
2.481925024823926,19.307830591052586,23385911.808913454,0.42877569338421573,0.4476767686869695,15598290.354823247,-0.02029806373956571,1
2.010190142578143,157.87625921868602,27643179.820750542,0.3726264007359765,0.7191037245841251,23257273.985107332,-0.08000385643976465,0
2.652943593506838,166.15267009306731,12974197.751792854,0.6066142496437695,0.5815387448121053,10705743.169472514,-0.00635245746153551,0
2.469914607627609,15.688642974601157,-3342361.606337087,0.15884954847054675,0.8140186319638769,66782961.120624706,0.12374381346841393,1
0.8037391589922969,53.45358842576065,2934273.7286664564,0.3929446822130669,0.45470401150335016,50290608.28693765,-0.045730165508679005,1
2.70990929592294,146.08522396378572,24130179.330167137,0.19002919881639058,0.5856716629750033,22084736.581204798,-0.004282338131157488,0
1.756224053172257,135.9454458171402,-16338713.41974472,0.294805556134036,0.605046042473591,96214070.89510934,0.005802273480839523,1
2.4800884189429686,37.29117838736603,7373466.177458024,0.5424142464326798,0.5733577298450604,57669375.15510579,0.08484308822052847,0
2.7194465097934315,41.6361315839243,-7866776.246547214,0.3856108776212599,0.662107018468413,31770396.470160026,-0.22468893339846052,0
1.1586093824240324,69.83261798849185,574896.4586963498,0.3255329710874616,0.28994677469984503,55054321.40392368,-0.06067002947652968,0
0.5971401962247272,89.79152240842873,25569037.252145976,0.33668576714202114,0.5098910220366325,71165829.9461597,0.021128369227947273,1
0.9154249388632425,113.19458501780178,3821981.3603980667,0.37566806104359196,0.18337984224667814,16861529.617620803,0.12000789564268613,1
1.453191029290892,69.55988692471017,928730.9631229762,0.5710099263022341,0.40760906211585,34723343.354310274,-0.04919024475062052,0
2.5086398679907314,85.94357532330088,-27197122.819598384,0.6352508133641406,0.49013365489701155,82626894.17955942,-0.1876552706041874,1
2.6239725747921274,135.80741417340738,14925071.320544414,0.6732008119023569,0.621779407636378,51369838.33623951,0.061971144596613625,0
0.3187707524342149,11.419560505854633,12909683.622821508,0.572142031753177,0.8604248420689629,59191942.78290654,-0.06353623888256293,1
1.6790177169594276,49.176465260203635,43265094.4661092,0.2892441374488076,0.5805208532386847,48953440.19885223,-0.11896666590903614,0
1.4270097085017035,129.83617752979666,-6155564.699060016,0.5128808236519253,0.6948751329412478,13950994.83787046,-0.06243453897132241,0
0.8996910882709717,161.6611965952599,4383006.55327878,0.3625618744332352,0.5050128475961623,24917480.183814034,-0.018452535765584956,1
0.6236364918009436,94.54355237024157,4987673.674215105,0.2528023732276307,0.607283225101065,50098747.48677018,-0.06047446645382128,1
1.2115609627897956,98.11985992143023,31549065.595269486,0.6045229476555535,0.15674577290701874,28826691.886713505,-0.22055660570990693,0
2.8458562005638015,23.755101984460808,-1905910.647739042,0.123055809377395,0.3035132646734776,14498112.579371087,0.08970661968871323,1
1.1726479164560393,83.29716419410457,5580430.515406785,0.641057195281254,0.389482474564111,85928469.76466414,0.12748750412787221,0
1.7007346787070885,98.20802162962906,12157930.194330784,0.3768864787748405,0.47799468400521083,98307327.62477042,0.06515219913395058,0
2.19815118901698,47.43233813607769,3732182.4631271623,0.48232088608496826,0.136518996401907,81382858.65970655,-0.11376856704248167,0
1.2817999264240938,52.117565416141666,-8928672.291010566,0.49561235332346965,0.21201927804265416,86840642.95342003,-0.0201491533947518,0
2.9238116233465936,71.02472854330897,3881799.8579661516,0.6370706444239218,0.32145144623304467,31777941.728534084,-0.0006521315229458063,0
2.8986076963437,8.512459611102114,21472634.99719544,0.48200180930032444,0.8772261527208406,96456427.79618798,0.05987943895619102,1
0.9798121987284834,61.3638539770562,-20530305.988221206,0.4683601508560371,0.36507760568244063,27723313.400808554,0.06683404887180809,1
1.6425709659094407,42.00340122439531,2659393.48293752,0.13999122433641398,0.4856328464896661,95628682.9325649,-0.07341737987784958,0
1.1123714365052781,62.312036631135065,-14002416.298783464,0.4110448131671225,0.25687817019071435,99533736.4569356,0.008199555641356042,1
1.0690693348191627,25.958373068368964,23900932.57849685,0.190101400490225,0.5886240568606146,74055052.51714438,0.045728040461524115,1
0.3995947578572385,160.8422741294816,-30463738.095675495,0.5424602612328914,0.32454657241277945,98302935.86126398,0.14558223221467667,1
1.9458237017457216,108.87867937195851,-11178436.945431767,0.4073331524876047,0.26559406275074143,61258580.16103933,0.07045065398247231,1
1.657233362717926,123.84290585028567,7544237.501290417,0.508136667525012,0.5132581027567833,33358760.48584813,0.07890566873755189,0
0.4389926283749712,143.1049667562842,31310480.58468681,0.12500374036143055,0.10440463932833666,49329629.70990588,0.008382662792936094,1
1.052345453438851,92.22738481258503,-1315005.221459756,0.15087520962748194,0.10613122611938026,63420484.18409073,0.1410459145203504,0
2.752317892109965,20.211050415299148,-11103990.533863967,0.5297940328376094,0.2752550472814862,16577340.58243135,0.04097627959594974,1
0.9468171048008256,98.99364481824585,37623141.388811804,0.14325060159920402,0.12937709000065692,66010893.815552145,-0.08610879101735705,1
0.6912161546463024,107.69719565365385,-28960278.00832488,0.14275403665915515,0.18642060330455312,98306005.3086065,0.1403369970125191,1
1.6215224527494203,135.45190798225775,-43976119.13240164,0.10726508514093247,0.3710885194710013,27109688.480535485,0.06979032725390276,1
2.9612562260986217,80.54042059019389,8800289.001066647,0.673900838979688,0.7420685436638503,81333560.4659545,-0.04430440211284823,0
0.9535492330810511,27.326552989223657,-10041084.487052223,0.5425050156754042,0.5576389146954407,91710891.44016574,-0.04794929673992434,1
2.114765977995872,54.66078351477678,-20424656.342614263,0.3119508451012385,0.5101341807651332,94933143.35381988,0.02965755451407618,1
2.3563729613875375,68.53940186976115,14167128.945987066,0.2779213487725931,0.3347910585664973,96412204.39649025,0.04631847952675847,0
0.9416213687794792,118.03551723303022,4876014.275423977,0.3098219378475097,0.8454029755462531,56931367.484932475,0.019729226563120646,1
2.2661841412520207,104.88620331705958,-11281572.614734568,0.564792118708709,0.41761203298975336,97957711.71923533,0.03113086734428849,1
1.2930144583419838,67.31692703212309,-25606087.97341789,0.49682236664224866,0.1696742134366172,78157918.6420995,0.16999573745763807,1
2.0072257426026647,177.64016853877143,17449146.565602895,0.21111734072048077,0.593653212894241,24550429.26132657,0.10715431522348857,0
2.0105302190544156,111.01059338745524,13004023.559173219,0.2044656012004506,0.19107071478128113,52921009.5821173,0.019063559126502434,0
1.746591647001848,46.51468855379903,-1983517.2755876582,0.1590373898280384,0.37617851424135373,74649805.78348036,0.09413105807674833,0
0.5437823791469024,22.811932708570655,36932739.92095332,0.4961816318208029,0.5059295509742471,32260628.4237175,-0.10325239035275396,1
2.5553167380909425,31.750349357258106,-21401695.32652305,0.5586235973330416,0.7993780197481407,67655366.51939985,0.0397927049946809,1
1.1661061754236868,48.04260246728892,-30510503.418494776,0.2590278569950024,0.49483726427209496,69994043.11419573,0.18093063497331102,1
0.8035999780796064,33.11924032042224,-13838161.39762489,0.1125669766185477,0.6618070128253314,24642976.94277093,-0.021804589539237387,1
0.41009288219786255,37.64922920897851,-911720.3271099561,0.1493030004858564,0.8942534711992564,60857678.120748065,-0.08476339286190848,1
1.8954109466082532,54.89165452142324,4866788.986453837,0.6807160209070182,0.2051912959183853,79446421.98807469,-0.06520888885930608,0
2.1294237769741624,35.34037917658209,-4824721.157126597,0.27726686648645216,0.31978522041561563,54900609.80823477,-0.10896330373423885,0
0.3447871381052116,161.9339493096244,7041107.930285936,0.5615338887028801,0.4156608604781171,11089280.509849668,-0.07847619081277035,1
1.6826512574080588,19.040905490787388,-25030788.483808883,0.47479814131255826,0.4374625428310651,10813462.217136296,-0.0370508098590029,1
0.9115385930344324,96.78949317479457,28875292.08146519,0.3291637837917375,0.4288168602124366,42132640.957301095,-0.1405567019178642,1
2.041966534105515,76.81944472319077,-1643023.567851376,0.22341235731733305,0.8260888020452439,93357466.15886039,0.0015618333949603048,0
0.7707893583134768,176.91625795900612,22345916.631762553,0.17283185089564385,0.6712261155734851,30580910.16432479,0.09022771737866472,1
2.165531892876658,24.60680787940916,6854506.927554083,0.46900778082331995,0.586324171272563,67092731.998451844,-0.09077561801469204,1
1.344185435011451,74.62472983300479,9135064.383075679,0.5647802683826728,0.34749817429022567,29986828.36239885,0.15192839236417688,0
2.829170969589183,174.65732582318955,11395345.604644079,0.48634255212467836,0.7590323073770358,38950299.06935938,0.051079208852759475,0
0.6713065491941819,156.46374703144656,8954171.200346299,0.41818127994949494,0.8640484091879912,86323788.06413355,0.10305805856240574,1
1.220879147835698,147.987612416124,12854455.197350878,0.12517073405898177,0.7569586260401813,75597529.80429521,-0.06578345538521371,0
0.6063785073495904,50.13299473286447,26583050.602648627,0.6810932665566303,0.10125208415317832,18585934.95818896,0.08545252270666158,1
2.7966727693521194,34.90532779326152,3930423.3940294026,0.5792285149927447,0.6091210961467256,48583181.88877903,-0.10919339003953131,0
2.668816254128649,122.01256348677542,14180075.151770245,0.27569322202057883,0.14090830515368058,12625278.728073802,0.08902475008365088,0
0.9964423948309202,167.64079809732752,-1794713.8857445344,0.6879821976153103,0.3060857762669775,53280113.19427081,0.01718393397935312,1
2.0819569242922835,102.43350627743771,28802344.308989458,0.4611289537817933,0.14761976027821735,69619061.05309613,0.05532512199847837,0
2.5064999405432826,105.03222065723247,-13527846.041185394,0.4494535949243479,0.5830363623595102,20665236.12383364,-0.11755946056248517,1
1.7990421913185484,53.99634139054973,36018808.65821631,0.5488439076577193,0.6492719307940854,35999644.501824915,-0.08950698422766047,0
1.7300565615612176,139.66126330858896,-803159.0128868682,0.5870618728540825,0.19159011045272412,45805296.29519413,0.05972282182533848,0
0.9530011854312195,37.73265599756659,-28615502.04236096,0.49388716439890157,0.40707110643598365,92757792.21904448,-0.09483480042242008,1
0.5513774730759279,61.64386637074264,2562088.2982157855,0.17685744781972002,0.4649892071644336,99392951.38806677,0.04632062920991231,1
2.7224825464739824,79.45137675787294,-13621033.149497617,0.302960503596699,0.39524241740873334,14042016.909605427,-0.13671378064602457,1
2.7311287543409923,93.83181626977962,16812870.979774483,0.6568501841956298,0.19682000038815445,78490713.11458528,0.08481742126666682,0
2.0093739346378237,47.42170317263904,-13052479.586047819,0.23476936710631116,0.4351582321499804,43455165.97621089,-0.12325233147685091,1
1.215380435831492,25.09644432936062,-8923668.664295595,0.323300214302508,0.7009424382467345,45321236.760653205,0.055229993767952325,1
1.2428658514541844,111.8585074272857,-37790814.61891062,0.3592461297665176,0.1568061316266044,77883847.60123204,0.06256309336460009,1
2.2600803329496464,55.51034681704476,-9046126.384981534,0.3636429938166713,0.16414401126552275,92658378.89308678,-0.0696771818429575,0
2.7221977018719583,106.71668874895715,-48477586.53257913,0.4677637494967153,0.38381703346878737,95583573.50522935,0.05820265670847269,1
2.6951333455158166,32.01347517298541,-31678056.469714466,0.6658455026468245,0.8533805692951401,61941032.74344887,0.026044226333355597,1
2.4056639738155843,89.19951782459306,15208293.122885948,0.24441562709950299,0.6348581173783312,42140904.33704525,-0.05388418561927383,0
2.033485444616577,98.20315069652753,15716003.173016643,0.17290082578055083,0.6429359653380519,80879417.72729014,-0.10085546840762082,0
0.5271779054866319,14.069118943924709,8509151.235699294,0.21848229391596238,0.38953599267029204,32590124.493607022,-0.19626256916725793,1
0.7363975280554572,63.9057486839361,-19339522.86258426,0.6321549401255616,0.5749286329668307,60766662.5950166,0.03496500472996937,1
2.726096309023114,28.522568464320493,-954227.122839597,0.48748648759312363,0.10810494722219471,42272061.53723858,-0.15648027713620552,1
1.937358461080893,16.090619832734355,-72050.78181136808,0.2715440735434961,0.6088768371276337,69096796.63370885,0.009534419944130821,1
0.3248320393649,178.2430406682404,-23167293.783850856,0.5895681633811704,0.8306295580609894,31635902.16041562,-0.026344821608224912,1
0.5739731657382867,61.41192287057652,30067966.035343014,0.6168219978180616,0.5900587746758553,27243365.11613432,0.06791427754381955,1
2.0914547765917506,146.7280280245611,17547245.811513428,0.6079086032141667,0.798958874773076,92641517.80078934,-0.03020454994898642,0
0.31366627638479044,49.562114583658676,-4419283.476593278,0.6513559201837327,0.679178444372875,19162331.46545832,-0.03294477863470914,1
0.7341817388272465,124.26297638918763,537716.7798906156,0.25134461210401693,0.19644673312295222,55536211.69614385,0.07318707042882956,1
1.7815812312897827,138.03987548069514,4167656.1589510497,0.5530251572477669,0.8219626458286734,29876750.466670804,0.03350580290841176,0
2.168117033770272,109.23677960637275,-40834697.368485816,0.376323698364484,0.15315507548461993,13503696.69931007,0.03161559571827783,1
2.0602954006570213,87.52583299627771,-4943547.650411938,0.6051991317340368,0.5271739780382111,13241693.646228375,0.04692675898085263,0
0.9055271355435115,77.072159975772,-13639684.959955972,0.5370944062969679,0.21370969903476614,25769959.48952446,-0.1535572123207106,1
2.2228838976383467,66.05194664502417,-20032400.19789831,0.5658684678998348,0.10936528858472326,88009331.90554002,0.0756788679986982,1
0.9405725362413602,167.66760024336952,-5622005.857719098,0.49369710260864286,0.4376274081021112,35423086.9579324,0.061246879401360234,1
1.178579185030023,150.3583963628526,35953730.53699045,0.20645726168182413,0.336032566123325,95541325.35177661,-0.10166831285764973,0
2.315526793818665,173.8797093666397,12816857.225340197,0.42701615133816295,0.4888003950380825,62346006.36902742,-0.02440804736742013,0
2.0540088274274795,26.75201410997033,-11423579.795655936,0.6908018437147049,0.5617599093876406,49295277.07918895,-0.003930728762763119,1
2.5929032083342802,132.90180816063776,11451655.627123171,0.6624328398982713,0.1349912578471579,62207995.12025091,-0.013449678440173272,0
2.075554809210927,169.20957994368163,27987108.73172004,0.125904241478207,0.19840263609899653,56502854.6703641,0.03338599665685347,0
1.8344332290057734,36.71578657899053,18492673.658255376,0.19888888943766228,0.5469139171603403,78289862.83815926,0.14313667818311834,0
0.5529218731358496,16.636846789186063,1192607.3984034825,0.17903726407273715,0.3745338825381266,35424645.9375567,0.10817667276728288,1
1.2928326682604705,134.69611362576035,-12938735.554111477,0.5355879459911773,0.6833387900395584,41774535.24402721,-0.13122191934314062,1
1.0160463927406587,105.53279480648459,13964466.272271799,0.590671197914167,0.6218333188735518,90468487.22799256,0.06220699903060487,0
0.9587720371235258,152.3200359326976,7869707.7084349925,0.22810681978640315,0.7764834903919254,95181086.18353648,0.13289333195354097,1
2.9271284978316032,29.46016590960066,17903864.400554646,0.4035116157710974,0.6539942613353802,90330240.4737827,0.03868085206892027,1
1.3613638566002533,144.17177957548077,12703436.03363939,0.6044218168067199,0.44394486191211857,47750319.45615822,0.1090980425185967,0
2.708525698978206,40.284781008355296,20991054.3063867,0.5396809268597503,0.6383732979155459,80232895.27061935,0.20122704457007654,0
2.00407429019261,33.639790001498284,-10704704.231211359,0.425342323295109,0.3203049394043348,52870215.99709889,0.10237095461069814,1
2.4459905195624505,33.74651463792377,26347881.312686514,0.4542086142752637,0.3450507990225702,54778586.693149194,0.02493085956417289,0
1.6571201513840188,147.55057604049188,3951992.093847993,0.40501632814976796,0.7311881279366347,28421209.815155555,0.10450884740847535,0
1.8576404884911697,121.40951362183502,41505217.45250531,0.27852907079129235,0.4571356131212657,63201727.29326648,0.01448878330968912,0
1.6297977733109326,96.53644933459589,-13783756.361791357,0.43901319571540964,0.7387042724146821,26752230.797801316,0.0023903043284955474,1
0.8271560670547202,67.79533472161293,34719276.06330499,0.5133311812300544,0.7579378989346227,39840822.91604744,-0.03514142357137325,1
2.2506207112060643,158.51009464229395,3958215.669252956,0.6239937495164846,0.786049870129027,86952718.14579417,0.15634133588321084,0
1.0580853785903106,73.6778937989612,-13028360.072288968,0.4817748123875488,0.8333081886729659,28636822.82897697,-0.08184286659420015,1
0.36565310936492534,147.90490190752598,-9677716.68108643,0.5566729222258948,0.44478817641063706,16404245.665608954,0.15323677246781162,1
2.042775198949353,81.84860899978823,-6406946.163886404,0.1960429809727438,0.3550934546569111,16210683.335153468,0.04998641237403714,0
0.7781988343990321,70.96527514935883,8483318.928038329,0.37693448465187396,0.5657589972752911,94670606.84527971,-0.13993061748019417,1
2.839238177752869,85.96896249218112,10456709.760709992,0.10559897189625599,0.3969379387501021,55622839.41656511,0.03676492929914216,0
2.8756071579069857,57.74112797872486,-11474000.07877158,0.24800731871297382,0.5808593334401864,46847086.46353165,-0.21000265076516242,1
2.770133853595211,135.83164153084394,-487091.8452196568,0.5358770290678029,0.6644686901150597,82979072.29071265,0.06255080168310358,0
1.2994284906897,92.97606826618386,42845407.17223727,0.695085970809618,0.6507240147937094,85224333.51194644,0.08852314829889911,0
0.34173286462794206,45.63722165069303,34550863.402014226,0.15950685975232953,0.39964230961609715,39897192.980404414,-0.05923559556520536,1
2.8064601189868585,162.4255503230495,8726473.393480642,0.34089658951677293,0.23348816135900227,72425625.17264158,0.012354769595558234,0
1.4560972004567487,72.180963740312,760069.5633640058,0.5800425812194957,0.44442347076976607,79401053.42666979,0.19541574337502865,0
2.9099680114179076,100.121750694948,2400626.534365226,0.2224213807773393,0.214075315265527,68918561.81793591,-0.05057467042619367,0
2.9017739381409826,163.6326194187957,12270359.454608332,0.4330509695813718,0.8120776281470466,23643556.73200894,-0.10589075870566006,0
2.603125529761872,114.24164928494862,-20455851.303968113,0.5398427776178049,0.37670196859028593,88829477.51653513,0.14816634024625988,1
1.0950120085878814,25.45715712396371,-5147530.748466902,0.46959127015610747,0.22356779777865904,58518509.74624078,0.19625871905307948,1
1.3397638672251984,169.47062163235816,-33371681.477551788,0.21281484076924967,0.12035820792460071,35422518.37330033,0.00036956718478473255,1
2.5980690130955137,114.84890928749813,7984462.4521055855,0.3132307412114437,0.6166579090291874,48270536.689392455,0.10114630354083563,0
1.1556894139219498,63.60848256499007,12943918.794054821,0.5702750706912383,0.6095218539637945,13381398.135901663,0.1341475915530881,0
0.7576304160524497,29.37261271609277,-9663729.24598748,0.43253590847921,0.37248333326503336,21508012.110017583,-0.0742484232538384,1
1.8033634086375456,143.9544081223018,31479735.26580066,0.10313776812574765,0.1573695110781208,78899207.54642747,-0.04853058353678683,0
2.8276178902341087,113.51273228748987,-24515313.260046825,0.5565944560168563,0.4277031159161856,10001047.127982954,0.1230874513154735,1
2.1792804510224273,98.35569109585627,-29287497.604196403,0.12118681296414345,0.3489739960507149,47490924.563406296,0.16850142787085096,1
1.8391651592412857,161.4312020339176,4489036.371199441,0.5474402696387393,0.6416965117880075,57025916.29770296,0.056288086017435485,0
0.5623765331810751,143.00451196429287,20941966.05224309,0.22148833609914245,0.5846233995621523,14917097.800087508,-0.08798143535020543,1
1.9605195120877585,31.543103953231455,33678553.829157375,0.6748440880716281,0.391674982558032,97577034.66750996,0.19870611116994413,0
2.973145395281511,59.551361864220944,-9177685.2573788,0.3207644507812507,0.2743140434039921,30351279.812470473,-0.053097089781196455,0
0.6782268411386149,48.48559946753151,21573616.668625914,0.29615896980284745,0.8904287729244735,37377884.767265275,-0.033513778117145177,1
1.6994900613820894,135.19060120021848,-770169.3900141441,0.1893328301994668,0.46320129695689194,37354826.10295246,0.03423378344896215,0
2.6689072942054795,10.868176078761392,-3452545.9988163924,0.2833625292941289,0.6506193886241897,30737499.59056149,0.1554160420714774,1
2.300075267936352,104.7306948524804,17673198.749733448,0.6259904570969202,0.21244237406268862,10132643.987768028,0.08539759765522237,0
2.1819425006872235,138.43027000462084,13046457.568268392,0.6978006025763483,0.4884717597275182,75641031.46791968,0.04148655003619105,0
2.196707026765195,158.43398643330616,-31527843.139684986,0.320985718304109,0.12202937589557239,97016094.98193568,0.046328853011810625,1
1.270626108293339,64.86430602528381,29530806.994517915,0.3691663785727255,0.5043640943283599,30186413.495654054,0.004351466864346608,0
1.092697979514132,148.72002831760224,27601827.08294903,0.5332425629216422,0.8712139256941619,69674247.26230802,0.055813951451850634,0
2.4852751197919867,24.360553967161266,-12511254.030190589,0.6317174682790446,0.4073653703886402,76770669.42628436,-0.25295600776943034,1
2.487306165633788,153.12915105354068,7916070.66874818,0.45582660051207047,0.13119681005992928,86358284.11814722,-0.029660745906979837,0
2.64109526016628,27.310515908096924,9880603.725654777,0.3349154189066976,0.12476463273547483,48036627.73122482,0.0241321934916781,1
2.7657494919024725,74.52527584806427,5213475.3164781425,0.3475731045091742,0.41038940795749557,37263781.50763863,-0.11510140836195071,0
1.6806244769245322,144.5266890114219,-11006103.076908402,0.5173708878980842,0.22801994917055524,39276562.0620728,0.038632331781156,1
1.654093995655439,31.23554978603541,-13432467.358761031,0.10193095816256721,0.11868167706254873,74135919.97886616,-0.020447122098612155,1
2.455396983210293,45.11899416571226,-511081.41982890555,0.47175360247590437,0.7049708911601414,83510151.98550725,0.175547569831549,0
2.054902613099966,131.3941994687866,23454580.385187294,0.31329580626481446,0.4668184071055126,26345257.09809424,0.15730197252148564,0
2.195310568595799,131.006393895563,10872003.091888648,0.5765183987662506,0.33139581757812364,43384690.73419887,-0.046580556911816284,0
2.4486402074774727,117.20083575492703,-7412286.6417221185,0.15579438389387928,0.8200665464131845,91174617.70742351,-0.015083771156669533,0
2.703014422907429,126.4409777817425,15433974.212966895,0.4529213601690343,0.1929111681604205,82602416.77252653,-0.007394756560839259,0
1.2125869234991467,99.97677758582932,-56970852.41260151,0.3885837339316742,0.8647350631642554,98637256.24862282,-0.04516594761596227,1
1.314073972127849,49.06483530871673,22975314.00744207,0.4853953155431364,0.3511733739018823,77882343.37138727,0.019502498402812676,0
0.5537512375703464,65.4967988631859,-34794275.57556199,0.13891215668978102,0.810722937846945,45387568.092513,-0.07582820688875902,1
1.8613563806896698,36.779600440249496,-7248818.828062643,0.4479902724568787,0.5823543011835692,63157405.0595174,-0.11306153349375264,0
0.39704413925120363,163.97884823338495,-22393397.89252288,0.4368907527757142,0.76136588779319,69491282.88225883,0.062271122390026856,1
1.5571146489576426,107.09356408407108,-25893629.514418114,0.4363960566497026,0.8872105305683714,17061023.468541157,0.06295295842218109,1
1.765140513710457,75.14899793363698,23216535.747570388,0.4620925999578729,0.3307243502549966,59004726.31934786,-0.08043157596599924,0
1.073661380746368,85.85101563772322,-9354024.026237827,0.5058807623358174,0.8689083883260744,73838874.56253487,0.08953554307625997,0
1.8952498035363292,170.77458443206768,6930077.634614316,0.5829933998084619,0.41158551592193626,25058917.360095434,-0.06315777291653314,0
0.38235067483543345,31.836495545314033,-938411.5775836814,0.2618924320769286,0.4084095237895379,80256854.56830014,0.02531652380379812,1
0.4008401096228789,107.59022060293951,9540816.54446243,0.5950296461080372,0.3723096834036046,62539550.246270046,0.08203440126124562,1
2.5210215137810774,93.53051880478155,1536437.8212051073,0.3989534093580722,0.5331260858780682,95699960.71278352,-0.003361256470371301,0
1.2725147318104097,112.00449120106337,-25659844.48377139,0.1462349674805987,0.2233160345427897,13818006.838620253,0.04547409121411344,1
0.6430633841600889,8.16928216864709,19925336.3889428,0.13513055754638753,0.5429691882864089,33879352.37999202,-0.05164296438875718,1
1.7100568021479718,157.6216840652265,-9875131.66322625,0.3005429912176365,0.5333638499280032,64139849.13698417,-0.01964665834280972,0
2.378982593366249,168.12069943463217,-31131637.97319502,0.5709381862668805,0.709521450083896,36690392.098533764,-0.020585943088034037,1
0.8827167742414765,103.89830712811157,-8562303.21931825,0.5246085608445494,0.7669199695500685,74298174.7664118,-0.0746578346540239,1
1.9818042847113009,126.91389417845615,30015195.812686216,0.5731689788034439,0.45235308024993925,78310475.42697379,-0.01767741631157821,0
0.5304381554831736,166.43739170602674,17004434.842269856,0.4103614338649656,0.341866599481195,19226436.765982702,-0.15486182988637467,1
0.43954064715524077,128.76676100484474,-6973042.688157184,0.36411939877329436,0.30746791785367555,56246901.7786091,-0.04911537471421047,1
1.7346575052339996,31.694332509995736,-6985154.086368576,0.18847151602377038,0.2556990693638975,55800150.00319503,-0.028487549336967084,0
1.7597148283472877,105.85046302919231,-6432701.024347653,0.2969156521655869,0.14611806575921993,43235269.3193987,-0.025617975249538013,0
2.021060734045158,111.17513311699979,41534959.671216816,0.3604116197043251,0.37395838306777074,93963237.63127048,-0.024149744587077884,0
2.260446601051186,79.22286747791756,7638709.044631067,0.15316025780777034,0.3161981537046266,84475568.78858991,-0.006176419986012893,0
2.9348006145488434,133.8777412343265,8600832.943821393,0.23236717162672677,0.8731339086931259,72748844.3718673,0.047944151808606394,0
1.6940109404132275,168.5142275845776,20605669.080636844,0.45893517643824333,0.5461670610000352,74289397.21614978,0.08745170741325226,0
1.1719824769413643,166.97448975868585,4775783.180530271,0.5413978685435139,0.37782163122440604,51554452.94318072,-0.06497652268482672,0
2.4470027258755,83.89688999572311,-5180842.9164140625,0.6990085068357698,0.5643740807949568,92889506.89869183,-0.12032008553891445,0
1.0312470784076004,24.81665802213217,-3926996.9816995654,0.6598679988061346,0.21135736107655642,72513588.45279568,-0.1042044412243103,1
1.4852228359052175,177.34720981840854,-1432025.188281279,0.48553911972111496,0.45523499936176237,75608295.54902348,-0.04872029211949272,0
0.5118322296241181,151.80716512803846,-744444.7301968319,0.35274883197644324,0.6009874571368511,87552181.34086107,-0.03519213178165091,1
0.3684470072217353,26.815969210571698,14552590.872739596,0.4817064188249396,0.4911182654339611,34666443.04079719,-0.07699960661974574,1
2.8991507196303976,166.14732945804016,1038917.7161459887,0.5713909708481392,0.42142304052345947,82636381.34800327,-0.12961166642498945,0
2.5571463253829556,157.23186336087244,14652801.544311585,0.1710017145540324,0.8950787111197586,27571654.266084284,-0.04561208274741882,0
2.1791303564529847,95.79665999706262,-1614331.6021716464,0.34594293381777297,0.8042518097191417,41080775.702039905,0.018142662011397137,0
1.4041729499185287,108.47320125536262,1572703.8063218119,0.6038813713813703,0.5987247665275521,40204940.884285845,0.059502946583556475,0
0.7678946641912836,74.8254731772728,-39964013.690642156,0.3302997711598264,0.5555018889458262,98067292.15502265,-0.05574230531083212,1
0.7223800152119324,14.583286793855484,18326553.494049627,0.4431233627363119,0.5965283838596672,87088350.13731341,-0.04129978221434341,1
0.9756558250444074,63.65951728803266,6929769.517959854,0.45266161651731895,0.2610496862579466,73105287.54312338,-0.09266983088473107,1
1.7829119947065255,145.499353504652,19960202.197193045,0.21068575188018362,0.41611019461145493,75435108.5453851,-0.003143917037477642,0
2.2294089912901685,5.8106040258055005,-57925107.56387378,0.31734126499137305,0.13156762631271945,60586551.4962314,-0.08484286341908147,1
2.0825329171378746,63.36235504595023,41767494.09561455,0.30070677324515926,0.48043682998946136,95238160.03976671,0.057312781324120016,0
1.0558215217540456,74.67952137841507,-2791792.563103475,0.11571802511923888,0.5344196671661305,54663287.75941254,-0.17858664919341113,0
2.878136257790624,99.0442305141365,22163656.334750332,0.11451505833481315,0.2821997888825677,44246593.88829051,-0.035962967245246245,0
2.292321675078575,165.9747328722331,-20798118.542510618,0.5990182262054641,0.871223077732411,24673180.32384319,0.03011073391917421,1
1.796755941780782,65.61054901404322,12255478.101251394,0.2638424859836874,0.8275636887497936,80758508.70349522,0.018383451632250438,0
1.9516460148327512,65.71681033183984,-21068311.263473123,0.4108472597432893,0.6777145883647246,76099953.88680324,0.2693033663980497,1
1.4329201685550328,134.06271841920596,-12475379.213916102,0.27923534415326384,0.5267093030122901,44591953.46717214,0.034980002456790754,1
0.9688736716531252,84.13813965571626,38280627.07733572,0.6644075470692042,0.7959753277181479,12267407.256330643,-0.10040545968420103,1
1.2611262323584063,44.30584401449684,-3813648.0152669316,0.25557805531946426,0.20452187505877034,85509759.49462096,-0.009546424708907304,0
2.3461844982537965,84.17691532322135,4348657.463594457,0.35779408764336107,0.7324078354199081,11027618.510866627,-0.1776246333466452,0
0.33886241930034083,29.649978566464974,17401354.613775086,0.6236381502907611,0.19985665117347864,73332980.16661459,-0.008059974929676089,1
0.6133961293686738,35.86772263858908,9913637.759452093,0.6051601400750851,0.7353685300395244,97323139.87534514,-0.08330560570007588,1
0.4242071334587324,92.21436022940895,3008378.1028715284,0.2116608507077664,0.3206140546010856,49389519.53333831,0.09153902755601617,1
0.40996776626121934,78.31195366329588,7299220.049324509,0.5815859858774263,0.8016724648145511,31147606.449635748,-0.054954027459553495,1
2.6097435768297195,165.09803268691752,48068311.7047655,0.37491213204273555,0.8552336750603183,73438390.90390435,-0.011676591579524664,0
2.199876220326064,68.4189323454108,-1152375.9406717077,0.3897813232512132,0.2190367755240925,83541532.78140266,-0.06355578414044034,0
1.5802693385357782,106.6029612986576,4021980.9342993503,0.18008798344956628,0.4701404840523148,59178728.447006255,0.17388513518533313,0
0.5641522337577041,115.64625038591781,21013087.92015224,0.14836090825427478,0.8847899025301481,97033174.77305315,-0.032124276611791173,1
1.6273628628154475,7.291529902958386,22110518.659159675,0.5367635841842591,0.48672594877851727,14650184.9492165,0.18325570434792018,1
1.5783737811075276,121.11904010292436,23740606.111207604,0.39787669141317983,0.7908380180116361,55431603.847407535,0.08141517621182666,0
0.767645048757041,36.156294202206496,12774604.440583693,0.3621104215691078,0.570985217705056,74660855.25902951,0.04820667273353862,1
1.4713994529425274,173.18730555715464,-22860098.25460967,0.5377049371914381,0.40026392633568153,87637642.40342611,0.036873314731751976,1
1.3759627828729084,31.015977356794767,32668630.646021917,0.5593077393946658,0.3286268444206962,26133005.071701102,0.03937972982162516,0
1.9627952647409845,77.55922165222916,-22926907.86037376,0.19534490060161214,0.2625784728688698,82000313.35873133,-0.192767257934561,1
2.0147528573426383,19.936191913762677,6052709.304780665,0.4661350896865848,0.7094385531021578,59743636.81466907,-0.027888339415075653,1
0.4223208263845202,179.4529940730408,-15085517.000387158,0.18121244936661132,0.4092324054584223,45689831.37909669,0.08451579711843216,1
1.3114540594914723,92.88412680796745,-1282766.9318598509,0.5508250516174273,0.5090203697606009,21854352.57211842,-0.004889718347410555,0
1.9898217724284384,109.19237803100766,6575248.206069608,0.49417309376028373,0.49386038400094556,87876618.30180211,-0.1405189846803575,0
1.6584678981662369,16.73838354297481,6427144.309005462,0.6739687726500747,0.561823223386505,24154588.736174382,-0.005240445057746946,1
2.61252257120847,136.24308231985611,8438415.084705696,0.1413748098138527,0.7924617164996418,37880907.32881893,0.17041055162554913,0
2.0784728053711516,41.73347879172751,32274225.38117294,0.1342328326907526,0.8845914748667435,36104097.876619324,0.12468917155347195,0
0.7399229531198601,162.1595006521249,9070686.030279597,0.2693122448159201,0.42606736685905355,88427263.07717688,-0.006200400936603175,1
0.4905356179811606,40.899437084351256,-4883132.705812974,0.25702341024154357,0.7620151376850425,70543269.47880082,0.09514492770580867,1
2.0345320511570524,38.37035111614165,19281743.365767147,0.2481872794431999,0.7116222357237741,81701325.74722351,-0.036650702036805184,0
0.3715805384623789,11.396191873416605,23789409.778492812,0.643752748312622,0.5588231611644586,32542110.891324908,-0.1703871586826719,1
1.881594069438351,87.61171539424987,-24552156.302739847,0.24972771990970366,0.8648377148895465,66238668.9646299,-0.09244659881295544,1
2.8386216518473857,103.84719832095787,11948001.396997161,0.2631698356771786,0.26037961242272223,61457138.48293738,0.1562888768508198,0
1.8537802802648733,16.499011899961666,14023454.846217966,0.5556389574507782,0.18741136824769714,84954733.9109444,-0.02739930818293042,1
1.3480588007576093,140.71733292162685,-5951270.067199838,0.369843905470324,0.7831695735643377,91547835.44331345,-0.02433839793750181,0
2.0368781897943538,84.32554608090483,27514136.26623239,0.5660263341731087,0.45131985330699864,11094109.432964813,-0.029983819627488056,0
1.537282804327095,96.76829713232651,-3001111.7406505346,0.13921969453863114,0.7775750833656484,70661792.71529134,0.1904136589573007,0
1.7731653311530244,82.13348071418993,2511529.069430845,0.3925427162040306,0.814472164156332,14665221.920775611,0.16259589153620635,0
2.841954983696618,75.13353565318205,-3461436.485677392,0.12016816010996959,0.14996607489525715,59397279.85696203,0.2218780233448134,0
1.3424771220620906,102.93705797893813,311580.95162935066,0.13759192207321272,0.8067718103888486,35886945.61393104,-0.01590452104000513,0
2.895214522324568,32.16704303787469,-21925501.737904035,0.6438624720066465,0.4586552442955377,37609893.95699271,0.029562448874709508,1
2.744446733281372,36.837422836672445,-28801017.651885886,0.18354722267055712,0.5083459912033857,41766265.31071209,-0.15166425494207914,1
0.8286360639311003,155.81248367736552,31890101.264499445,0.4194524093651303,0.6012740088745682,65916320.41446491,0.14769344261182746,1
0.48727551236294675,170.57020587338573,-16939226.966366556,0.3466573615604239,0.8411060853840694,40064496.910189226,-0.11677795512679351,1
0.5721006037190519,70.32913034895677,-19827846.989126142,0.3084059957553056,0.11529287554381124,75942914.55312523,0.02167755637626291,1
0.3491989292591843,52.38031780012191,-43067802.2720743,0.6399000074123634,0.4814747746542537,46407464.70164827,-0.10973025276328441,1
0.5549959940410067,117.69992006682776,-12779234.953790044,0.11309403806529371,0.6501776339444485,16151788.027896276,-0.05888668267386961,1
2.1441182882241634,76.52847994216687,-26461795.868149966,0.49827381170535345,0.6781655661585828,80538385.82356966,-0.08372624310497004,1
0.4922093508426183,9.44261224056035,32840303.20272738,0.6780366605281302,0.6540259452296864,35718249.213343546,-0.06078752606758179,1
1.1612342017931556,32.32670453908331,20196341.786852684,0.43610091007710516,0.2075481035264975,48949019.163933635,-0.05391227031489786,0
2.581163339617527,130.29514004829457,-13763006.903554475,0.662093477219855,0.33951647069734503,71689949.48997113,-0.05482687949250771,1
0.3628342264867298,120.31168983427649,45048716.10688618,0.13135472757161426,0.3869724203336108,39921054.143384084,0.08333339117803072,1
2.4990649029901264,9.741798688109611,19635309.739831887,0.35127599144449684,0.743549766143604,15092709.053204406,-0.11048627930625202,1
1.0610078918881798,43.84512833826615,-6496627.670172449,0.2560946745772307,0.3230078979316424,43652894.23115322,0.022054142701386687,0
0.6190450345784719,45.438089402912496,-49988114.29747146,0.5384925789884378,0.2685639710937625,95000372.44248731,0.12179591523055584,1
2.181190346483207,122.58123012977747,45818851.45181484,0.6887782542983479,0.865958415230477,67756095.75687024,-0.051319636451339606,0
1.998145686305687,8.449344107013728,-27791449.33527192,0.2539180374665487,0.10709062809077513,70433123.38004863,-0.07179188907476018,1
2.669174436523043,23.219001847300422,-32907974.939137835,0.4925047608844447,0.8982566845455826,66905393.827387586,-0.023052462518025084,1
2.284691818270492,144.98531494030814,20451408.640192807,0.21885857965584407,0.6414570390859164,27909292.50634931,0.11797252083607102,0
2.469398512039091,36.24531585950838,48795048.12678546,0.4391981527429659,0.7627754395592937,47650047.76920521,0.01941076309533577,0
1.0614933459425275,119.23056887407807,27685456.370210364,0.3783594920130017,0.33569551707695455,77584581.85269864,-0.05312142946075985,0
0.7790867682052516,46.68198668317714,11278182.401047193,0.6832031977789222,0.11145222213364799,19123560.77978432,0.04838766511880398,1
2.3266598294303176,22.402243732885402,11895086.833305718,0.4651163636178799,0.6902956148492241,35006749.84807411,-0.11022921498364234,1
2.4784537960216126,47.55513342490446,17068311.175606154,0.3097038232520913,0.7673156776005406,34868719.76192683,0.0681359510442948,0
2.974363883401818,131.39671307474035,15178571.795735303,0.16845747093276003,0.6923809055628153,48881703.48350554,0.04086073077017677,0
1.4140677276608515,154.7468819186,5623828.479387516,0.19074809724096076,0.21428022984067088,98233186.68479666,-0.030780847113888413,0
1.3044488316405147,150.28847629922353,2084022.0790375213,0.23519015797074105,0.7027423378055753,16075229.201543976,-0.08385857984472311,0
2.3963149940033914,74.5071176832296,-1251862.5579904483,0.2505799968041788,0.7151382256861128,56683089.49425355,-0.08866809222834574,0
1.2201695586831482,121.91489889986308,-15079291.777333526,0.6103696347046826,0.6268324125360439,26142821.38109894,0.05348173363459102,1
2.813044779129625,40.87225169776867,-5613501.5373354815,0.43673367296951493,0.712892746236469,97360889.08687697,0.1228980502489062,0
2.617714429976132,56.30085279567732,-33859136.28390771,0.4140345468246198,0.7767371517421857,20197315.425471775,-0.06373077470287948,1
1.4582838739125497,161.85876824119595,-1966792.535894998,0.1688613231215305,0.5908832913899668,46324090.21254321,0.04583867035514843,0
2.3273518830370428,7.275336614378807,-19771822.14301835,0.6160838160096609,0.17088377117574327,76409648.63511455,-0.2087027018602069,1
2.337265760028642,19.963992899531913,-22071786.344315417,0.5336885819250903,0.49010224773376876,73409898.52247007,-0.05846177306571996,1
0.5784344458570181,41.38009465055478,3597883.023069569,0.14060101714000095,0.16211946773728406,48045577.320453905,-0.0031058932870901956,1
2.73689284803483,9.643135677918451,27840045.726891987,0.5247010583378612,0.42603442482594467,41187175.115744635,-0.09096834169818337,1
1.6641814056092143,36.75120114071453,18366332.12004626,0.4261229304055877,0.4256851913005021,45785114.06975835,-0.0936506374789596,0
2.5314351584909023,107.03227316969613,-31410012.07246354,0.14903520744806695,0.15280787531219328,33784863.684277534,-0.06677795564688863,1
1.1641339227826517,78.74929635368714,-19792562.731406752,0.3749803849171939,0.3790564271755835,28479964.483611982,0.029219272832637318,1
2.7179127169397415,161.2175494384706,18815423.759764317,0.39081777227802816,0.18879847903305189,53473572.780300096,-0.01873290184063747,0
1.3508445325822405,148.05262330422715,-19649747.870766193,0.19946472409796545,0.7465881680073777,34168038.04608466,-0.2238231233324972,1
0.32926165899680554,64.81803654712829,-4492662.999940492,0.6674188882001694,0.8581504207715767,35871549.84075251,-0.21207001526350663,1
2.744531336332012,50.39910085047619,11001041.980491038,0.6099852228883971,0.1578531802063509,69108045.71271014,-0.06068651778571754,0
0.5464740273225606,71.44617142927171,-19366889.097272705,0.501413402397465,0.8640921658333611,97168359.8529903,0.04576865860535521,1
1.1621468214941202,108.30161494009135,2107510.122919198,0.3773773366003643,0.5180612794693962,64327348.05034376,-0.27475048427252347,0
2.8651673110371734,51.91113714400335,-26680509.89836409,0.34705932495070513,0.33965254236309916,16928152.035846964,-0.04997301761516307,1
2.8666392967314014,114.22605887359845,-12027352.879024273,0.49058408029057254,0.1614896602209308,16802525.24686603,-0.05262478565174211,1
1.8482822979328726,76.64703913346708,6395638.682850739,0.42725912164414326,0.5004994144563343,95628089.87610094,0.1388337778208448,0
2.005960472858458,101.60825664909655,-31859874.670633387,0.13736386352913138,0.7356124355925989,36756171.12766002,-0.03850218117128637,1
1.5108029093414634,81.32214259868041,8809494.759207979,0.40750158926219904,0.6656691818133585,18286028.74742279,0.038298898474092846,0
1.0916690835847742,56.53150791983559,-392755.9785336243,0.5838421703397036,0.14018080917117903,63914012.84353434,0.014125714008746324,0
1.1873942724987732,170.97932871837742,11049799.088342955,0.3755439265581748,0.1583214682943228,66128390.04612395,-0.21305664798072008,0
2.1157998314080038,138.63101397795813,4478282.681293229,0.13117394653256104,0.4222986261061097,68365433.81068194,0.07682072166317373,0
2.331411229481736,29.519805759129195,27282808.599476885,0.5717669196304198,0.33623239523835463,34066182.50717872,0.021539650545628796,1
2.437263418059791,156.98189578213473,2504490.0529581453,0.22081826928158463,0.2859074584448383,11359961.579302752,0.05082686396745896,0
2.4319689855452955,90.30045969366489,-8588110.822505059,0.2551725009328233,0.3248035991269709,96851383.25090247,0.3926237706436327,0
0.5462564782314641,161.546639706466,2445950.0606456753,0.19882381205937755,0.7427861946375077,32580374.112199225,-0.20841129394985886,1
1.63493482269697,144.97466979078015,10865960.580727758,0.29812903892289855,0.8433824429054831,70842365.92472927,0.17246966497611085,0
0.4554086520449396,79.41236328211585,977201.4065140866,0.554050903413181,0.4240821556220532,73596688.28908387,-0.02874475194003556,1
1.7837279822740861,8.932128956020545,811833.8240776476,0.41163151570236245,0.8248888017059977,64900667.53715371,0.02873289044030093,1
1.4921323537081181,52.018537892365565,-14039833.756135108,0.22292876449042753,0.35719656099830555,38161665.47922834,-0.0045512245301242175,1
2.6968012934474093,99.78598756565171,-13258018.351018963,0.6266980468912244,0.48114958907503336,34398662.83876592,-0.042423633339804354,1
1.2474705338906125,115.85868846957577,-28052105.43599387,0.6277491129709175,0.2808231982527998,63790145.44324328,-0.056983292823875875,1
0.6160809443545359,50.1303449508104,34991534.86373879,0.6223470550276041,0.6123808337406752,87948607.02505223,0.03295087355730091,1
0.6860775415426568,29.387312962744222,-24877264.7078257,0.24327772682892357,0.8831848921398472,95206035.6031056,-0.15171736966716792,1
2.356078705637175,151.11279143987736,-13858103.955918146,0.37074360650859284,0.582794476834703,19531522.396338187,0.07505791675217656,1
1.969188770953905,177.2703816231216,-14368145.311383948,0.690993793684525,0.38625126729083914,23934575.133794785,-0.041619440488525394,1
0.5730312255315337,96.99578190297002,17898487.538888827,0.5632074857859942,0.6182539567924227,95026263.29047717,-0.11300693390403578,1
0.5270883765104931,35.04387502345311,-5898993.565840555,0.1163004527353359,0.19833654277231005,76288170.55013132,-0.045001285799581375,1
2.192616654939624,52.65378214088957,24954841.453474678,0.13912275475629524,0.810927264212319,89469444.23467958,0.12571492168625728,0
0.4964601171833225,8.218368395806678,-13469812.48487737,0.3783588260873997,0.5024671606238691,28236937.072180886,-0.053533508701622316,1
2.5190221600839617,165.00229114808732,5579883.244476039,0.645532123516936,0.45947979363171365,62882728.39984617,0.03584536182096203,0
2.20685401332254,25.6064395057747,-16706941.065195147,0.4232210787716285,0.5686918307628154,73102563.49757263,-0.07309562757154733,1
0.5196417077331293,105.89038321499437,42902982.55546776,0.39868750482057413,0.599827090231522,71210069.69022754,0.07579218499236196,1
0.5290618280300182,52.959663620261054,-23751968.380590256,0.16328421997397835,0.15742064498121044,46733652.17800283,0.06855077387902041,1
2.9639268619531736,101.98115044026385,6196414.20454055,0.4940680628345764,0.646093776978722,11385540.252217762,0.18486088332964115,0
1.310531148541525,118.99856796157624,12675537.61864197,0.5932618963601353,0.2935453442524237,62463345.11238368,-0.017556394549921552,0
1.3007337970806057,150.20481564876027,8275981.949029964,0.3282520045045374,0.6711621060052718,32779138.52616479,0.06686548047579066,0
2.4945588315952567,41.12372255810556,-3705753.177554166,0.5653671105551965,0.7580278355073574,50522882.15286013,0.009806753953894456,0
2.8575711589364183,6.924270015234084,-2596413.9946685233,0.6786859923404869,0.7431668060420162,96182291.35754356,0.12958717818630144,1
2.9622028723217513,28.954985262041273,876229.439582192,0.22225987547661347,0.5420007739263113,45913178.58781912,-0.07188323876087303,1
2.3341211001991424,162.5032623234184,-2940040.032569772,0.41399777871684473,0.5161359138486009,85582144.59979841,0.07450053128772811,0
1.3159008809334727,157.93076357344017,19277582.335898194,0.2722827748507453,0.2143007690715294,26968654.5174326,-0.01946972961166817,0
0.5254519350864056,109.54729287980395,44210460.031827025,0.5757126514203036,0.7202769203225085,70521444.8222526,-0.006418817710849775,1
2.3982966730040793,110.09045057588934,-11149835.700156672,0.4465560195286945,0.31712750435737147,97930625.89950491,0.009175248444837287,1
1.8076914742866739,121.38141804559471,-27396059.591581557,0.48074945053018225,0.4973563382543572,19170379.07856431,0.025224039642667742,1
1.445399424966836,35.68997375910368,-1765640.9670250963,0.5787484957695365,0.32741927434201334,10748794.800447281,-0.011622904312195818,0
2.747156839755787,165.02209053686795,51594186.75308637,0.3375822835974729,0.20706269039975453,49022451.33693529,0.021471318317052637,0
0.6002332022266086,78.28484185611279,-16073491.359394616,0.6490540410442259,0.6036461575133892,18336293.474623047,0.15781180575621845,1
1.6300877815853199,72.04924244366205,32782336.10888135,0.41981732034768393,0.14346562785832306,77354591.47086082,0.09854496856152184,0
0.33065484087203145,95.81059842449658,33554016.281528812,0.19477289370120882,0.69891618730096,92309379.7463703,0.08691545924968966,1
1.5653837333841412,13.219044185634633,-11071764.834159892,0.5175394709012815,0.3540694362088933,49061887.54378829,-0.04555395260238707,1
0.45201884434096085,34.0995895323139,11379661.583705507,0.5759568102629526,0.10010775440358827,33284047.793989684,-0.08892408282283243,1
0.6208083739237942,134.15588287461483,32567932.46257076,0.290057006240516,0.5089033113897838,49096298.71059488,0.09553005582377529,1
0.6173208662981832,19.48976688689713,-7582554.819749742,0.6143075541992518,0.1374815268220825,75110303.60650009,0.08760467925297943,1
2.0528678157133715,110.55161915661793,-4071607.2020472353,0.6436859528594598,0.32093564625671955,10814874.542233389,0.1472670675750982,0
2.314321174016643,47.93609419423117,-11633618.278972875,0.26614269242668537,0.6655811899645729,63050859.053622745,-0.06039806259692296,1
1.8750956657623312,73.1267324573459,-20295134.613857336,0.6901128836291331,0.1501516972974927,65196251.63986412,-0.022954865536034708,1
2.8978658808812634,55.52140393487248,-12985550.901320143,0.18442691682925505,0.7714707938848019,67391942.22063419,-0.16394841625254342,1
1.312150564714001,67.2427253813661,-24478805.335245132,0.22120940104149397,0.10305593812686649,31781987.19827895,-0.03924711060608729,1
1.071422632961024,130.83303340724297,681669.3651845214,0.21053490354281568,0.2974590953615218,74264745.10403141,0.09965705105794473,0
2.6452176461115426,56.99630023405563,-15399464.621172836,0.6363938260047222,0.6927232449216572,18225233.769859876,-0.0466495379228198,1
0.9037087640025221,104.120812051957,4675718.235814954,0.4925755313949771,0.3530161197834455,27934330.28201207,0.06404797952008238,1
2.9007008564896504,88.30882038484245,-31117912.924072545,0.1912625699333637,0.18151391045281084,88972304.19890337,-0.019050310599781135,1
0.3328170816625041,121.14245393846342,6617604.6442891415,0.36419405102100944,0.3881871350403423,76485083.56539097,0.03240570282215607,1
2.9186728321106252,168.94520438183264,16670579.232178492,0.4691788150418812,0.3163146291076204,11237099.861021072,-0.11476913898156674,0
0.4165317622665555,133.2001170117938,-39874712.851429105,0.15007845099362999,0.774169521728444,32353863.433282018,0.008520944963390106,1
2.706086406984792,42.614566253382435,7481131.396951443,0.6294498210444032,0.35067833406811455,29296583.46938481,-0.29911359709007235,0
1.7247929945330098,10.457048635724817,24553379.849465843,0.5821621212649211,0.7311459774208058,34372569.52332753,-0.018689615816198487,1
2.9810049495221107,50.89620775246939,-24192820.37382411,0.4031240641459829,0.8134977158485878,32280379.325189777,-0.16304732437151404,1
0.4992507247855769,109.13863787254459,33451447.736754067,0.6802759691555023,0.44705393566122364,15627366.616856117,0.12059945165468161,1
1.7954065678835662,13.99951735974381,8380380.187320904,0.3506565875650598,0.8279545150835136,51304646.49371383,0.07774073527645113,1
2.917116846171567,91.86409326021636,-14100237.115168177,0.6904661914218987,0.4018544431705543,75946012.73075485,0.04666709819660811,1
1.712364179259402,109.44749856045561,-1115381.5531541202,0.5007519992821763,0.8712627331920866,64605855.224569276,0.15210062271593802,0
1.999376322965209,63.492680892968146,11166538.250434447,0.4808027639523649,0.17143161962045833,70558450.17382717,-0.09489165208248374,0
2.1785214602584664,139.90963565551883,1520107.82824823,0.199572937177471,0.6496154132025942,17303426.068261523,0.17473631979155582,0
1.527260874872988,23.654694298410064,10775119.848927384,0.6291566549827864,0.49505123236554294,95634163.91591085,0.09321915642603848,1
1.9944068162269715,18.149111803766534,-18413471.861587323,0.35649381275236913,0.4101190443645176,85464265.04587224,-0.023655528721894605,1
1.8776486421923708,132.43303233563057,3387216.48072156,0.19734004346948764,0.6061695029988807,82458128.66460964,0.11356201471829441,0
2.73312662832567,91.71098033608473,-28274289.938099604,0.10756451198545543,0.6630856733074649,84068542.45375907,-0.11062935124116342,1
0.42270522692193624,125.4704193748538,-2224521.2269740063,0.4358534101830296,0.10349061572024727,93943945.73194852,-0.08245141615276735,1
1.0586006118990219,81.09478425565558,-18078152.829295795,0.4164397732736058,0.23356247099775898,58982856.95023279,-0.06085897232397004,1
2.8661110070067086,48.12035581684369,-14710598.85179533,0.5316121734214951,0.670436840507455,28025381.60808633,-0.052897770806401526,1
2.703712216505474,148.34290559298495,24721863.504208747,0.6341548318106812,0.6331083308625651,65510524.706728704,-0.10565576427602529,0
1.530273232521425,144.89777881957136,21826202.41188538,0.1476439507858177,0.8728380041029418,76859334.43011451,0.12230830670953251,0
1.9743580140641492,126.57188239952468,12182762.41814354,0.5388978942042174,0.7088302322006265,76412565.4018623,-0.025885440036983166,0
1.0489291940490584,52.625399015243474,-21846255.29345158,0.21244716645854933,0.8606181661850705,56930412.17501921,0.035250496835687956,1
0.8079271312541556,108.29036670209024,-6328168.993896038,0.6149062318942984,0.6620324012278456,16161284.740022026,-0.057035136641368056,1
1.5519856933379519,68.17043196450469,24261953.99958367,0.5914381083169936,0.33844176691155453,43400164.458711505,-0.18206033005485173,0
1.2540510156703426,21.026862832160976,2834338.272798095,0.42447625299132663,0.1842919378006852,92868994.76170217,0.02700573583914221,1
1.8758715019973546,165.5298757058925,46386590.79963388,0.5261456791739869,0.7254590906759485,62600401.878168344,-0.1912254975419777,0
0.5098835198054591,28.943260410818247,7866356.787887437,0.288610067910249,0.6153193771807327,58449874.89301421,-0.006863404608546861,1
2.9308659806986497,171.29153691864042,3840982.329800632,0.38270073935968874,0.138548809914637,34196816.294397414,-0.13683150388328105,0
2.9627690100949278,83.05101026764225,-6182329.284050028,0.592982138626283,0.38804037272078273,43160402.79249211,0.1987275999230808,0
